date,movement,relevant_positive_pct,relevant_negative_pct,relevant_positive_comments_pct,relevant_negative_comments_pct,relevant_positive_score_pct,relevant_negative_score_pct
2021-01-04,0,0.758,0.081,0.824,0.086,0.944,0.030
2021-01-05,1,0.699,0.097,0.604,0.236,0.699,0.189
2021-01-06,1,0.843,0.010,0.709,0.142,0.845,0.080
2021-01-07,0,0.785,0.054,0.921,0.000,0.838,0.001
2021-01-08,0,0.767,0.068,0.590,0.313,0.823,0.132
2021-01-11,1,0.809,0.023,0.753,0.041,0.753,0.011
2021-01-12,0,0.720,0.053,0.934,0.008,0.983,0.011
2021-01-13,1,0.783,0.070,0.887,0.072,0.979,0.010
2021-01-14,1,0.774,0.061,0.865,0.070,0.960,0.024
2021-01-15,0,0.804,0.034,0.864,0.028,0.930,0.012
2021-01-19,0,0.735,0.047,0.806,0.052,0.883,0.046
2021-01-20,1,0.737,0.085,0.723,0.065,0.786,0.038
2021-01-21,1,0.770,0.076,0.975,0.008,0.898,0.059
2021-01-22,1,0.716,0.105,0.966,0.023,0.761,0.221
2021-01-25,0,0.736,0.052,0.831,0.033,0.847,0.073
2021-01-26,1,0.749,0.065,0.170,0.018,0.801,0.067
2021-01-28,0,0.682,0.161,0.213,0.305,0.677,0.273
2021-01-29,0,0.657,0.140,0.616,0.053,0.773,0.054
2021-02-01,0,0.685,0.108,0.675,0.227,0.766,0.182
2021-02-02,0,0.708,0.211,0.500,0.113,0.726,0.189
2021-02-03,0,0.748,0.166,0.826,0.066,0.776,0.074
2021-02-04,0,0.693,0.162,0.331,0.076,0.693,0.085
2021-02-05,1,0.663,0.191,0.679,0.100,0.864,0.070
2021-02-08,0,0.672,0.144,0.512,0.098,0.739,0.105
2021-02-09,0,0.643,0.175,0.269,0.076,0.769,0.103
2021-02-10,1,0.593,0.317,0.746,0.070,0.578,0.100
2021-02-11,1,0.654,0.223,0.485,0.188,0.654,0.186
2021-02-12,1,0.670,0.203,0.710,0.213,0.678,0.268
2021-02-16,0,0.660,0.224,0.675,0.221,0.741,0.137
2021-02-17,0,0.659,0.265,0.793,0.071,0.826,0.028
2021-02-18,0,0.661,0.232,0.468,0.146,0.744,0.093
2021-02-19,0,0.635,0.280,0.670,0.247,0.712,0.217
2021-02-22,0,0.711,0.202,0.628,0.125,0.808,0.067
2021-02-23,0,0.721,0.208,0.566,0.098,0.861,0.056
2021-02-24,1,0.677,0.286,0.349,0.044,0.658,0.094
2021-02-25,0,0.763,0.209,0.532,0.053,0.916,0.038
2021-02-26,0,0.734,0.224,0.855,0.066,0.754,0.049
2021-03-01,1,0.732,0.221,0.570,0.134,0.825,0.135
2021-03-02,1,0.734,0.221,0.696,0.253,0.655,0.306
2021-03-03,1,0.697,0.248,0.433,0.110,0.690,0.160
2021-03-04,1,0.725,0.215,0.454,0.066,0.800,0.097
2021-03-05,1,0.711,0.252,0.462,0.079,0.758,0.094
2021-03-08,1,0.750,0.214,0.514,0.124,0.789,0.130
2021-03-09,1,0.787,0.152,0.453,0.059,0.874,0.048
2021-03-10,0,0.795,0.141,0.932,0.057,0.834,0.102
2021-03-11,1,0.730,0.197,0.494,0.104,0.805,0.120
2021-03-12,0,0.751,0.182,0.473,0.083,0.783,0.074
2021-03-15,0,0.764,0.175,0.530,0.154,0.821,0.107
2021-03-16,1,0.752,0.193,0.829,0.087,0.885,0.094
2021-03-17,0,0.742,0.194,0.296,0.094,0.757,0.128
2021-03-18,0,0.722,0.249,0.405,0.136,0.701,0.127
2021-03-19,1,0.762,0.216,0.830,0.109,0.782,0.207
2021-03-22,0,0.755,0.219,0.595,0.174,0.825,0.136
2021-03-23,0,0.745,0.230,0.822,0.124,0.859,0.133
2021-03-24,0,0.781,0.198,0.468,0.098,0.857,0.103
2021-03-25,1,0.757,0.223,0.775,0.172,0.717,0.272
2021-03-26,0,0.802,0.179,0.454,0.488,0.837,0.151
2021-03-29,1,0.716,0.243,0.636,0.195,0.798,0.151
2021-03-30,1,0.715,0.240,0.768,0.203,0.833,0.125
2021-03-31,0,0.680,0.278,0.498,0.172,0.699,0.237